[ "ReflectivePipelineSettings", {
  "pipelineIndex" : 0,
  "pipelineType" : "Reflective",
  "inputImageFlipMode" : "NONE",
  "inputImageRotationMode" : "DEG_0",
  "pipelineNickname" : "pipeline 1",
  "cameraExposure" : 1.8,
  "cameraBrightness" : 48,
  "cameraGain" : 14,
  "cameraVideoModeIndex" : 2,
  "streamingFrameDivisor" : "QUARTER",
  "ledMode" : true,
  "inputShouldShow" : false,
  "outputShouldShow" : true,
  "hsvHue" : {
    "first" : 54,
    "second" : 63
  },
  "hsvSaturation" : {
    "first" : 149,
    "second" : 255
  },
  "hsvValue" : {
    "first" : 43,
    "second" : 255
  },
  "outputShouldDraw" : true,
  "outputShowMultipleTargets" : true,
  "contourArea" : {
    "first" : 0.0,
    "second" : 1.0
  },
  "contourRatio" : {
    "first" : 0.0,
    "second" : 100.0
  },
  "contourFullness" : {
    "first" : 0.0,
    "second" : 100.0
  },
  "contourSpecklePercentage" : 16,
  "contourSortMode" : "Largest",
  "contourTargetOffsetPointEdge" : "Top",
  "contourTargetOrientation" : "Landscape",
  "offsetRobotOffsetMode" : "None",
  "offsetSinglePoint" : {
    "x" : 0.0,
    "y" : 0.0
  },
  "offsetDualPointA" : {
    "x" : 0.0,
    "y" : 0.0
  },
  "offsetDualPointAArea" : 0.0,
  "offsetDualPointB" : {
    "x" : 0.0,
    "y" : 0.0
  },
  "offsetDualPointBArea" : 0.0,
  "contourGroupingMode" : "Single",
  "contourIntersection" : "Right",
  "solvePNPEnabled" : false,
  "targetModel" : "k2020HighGoalOuter",
  "cornerDetectionStrategy" : "APPROX_POLY_DP_AND_EXTREME_CORNERS",
  "cornerDetectionUseConvexHulls" : true,
  "cornerDetectionExactSideCount" : false,
  "cornerDetectionSideCount" : 4,
  "cornerDetectionAccuracyPercentage" : 10.0
} ]